{
    "flash_start": "0x7000",
    "flash_size": "0x1000",
    "regs_start": "0x0000",
    "regs_size": "0x0020",
    "io_start": "0x0020",
    "io_size": "0x00e0",
    "ram_start": "0x0100",
    "ram_size": "0x0800",
    "eeprom_start": "0x0000",
    "eeprom_size": "0x0400",
    "registers": [
        {
            "caption": "Port B Input Pins",
            "name": "PINB",
            "offset": "0x23",
            "size": "1",
            "mask": "0xFF",
            "ocd-rw": "R",
            "bitfields": []
        },
        {
            "caption": "Port B Data Direction Register",
            "name": "DDRB",
            "offset": "0x24",
            "size": "1",
            "mask": "0xFF",
            "bitfields": []
        },
        {
            "caption": "Port B Data Register",
            "name": "PORTB",
            "offset": "0x25",
            "size": "1",
            "mask": "0xFF",
            "bitfields": []
        },
        {
            "caption": "Port C Input Pins",
            "name": "PINC",
            "offset": "0x26",
            "size": "1",
            "mask": "0x7F",
            "ocd-rw": "R",
            "bitfields": []
        },
        {
            "caption": "Port C Data Direction Register",
            "name": "DDRC",
            "offset": "0x27",
            "size": "1",
            "mask": "0x7F",
            "bitfields": []
        },
        {
            "caption": "Port C Data Register",
            "name": "PORTC",
            "offset": "0x28",
            "size": "1",
            "mask": "0x7F",
            "bitfields": []
        },
        {
            "caption": "Port D Input Pins",
            "name": "PIND",
            "offset": "0x29",
            "size": "1",
            "mask": "0xFF",
            "ocd-rw": "R",
            "bitfields": []
        },
        {
            "caption": "Port D Data Direction Register",
            "name": "DDRD",
            "offset": "0x2A",
            "size": "1",
            "mask": "0xFF",
            "bitfields": []
        },
        {
            "caption": "Port D Data Register",
            "name": "PORTD",
            "offset": "0x2B",
            "size": "1",
            "mask": "0xFF",
            "bitfields": []
        },
        {
            "caption": "Timer/Counter0 Interrupt Flag register",
            "name": "TIFR0",
            "offset": "0x35",
            "size": "1",
            "ocd-rw": "R",
            "bitfields": [
                {
                    "caption": "Timer/Counter0 Output Compare Flag 0B",
                    "mask": "0x04",
                    "name": "OCF0B"
                },
                {
                    "caption": "Timer/Counter0 Output Compare Flag 0A",
                    "mask": "0x02",
                    "name": "OCF0A"
                },
                {
                    "caption": "Timer/Counter0 Overflow Flag",
                    "mask": "0x01",
                    "name": "TOV0"
                }
            ]
        },
        {
            "caption": "Timer/Counter Interrupt Flag register",
            "name": "TIFR1",
            "offset": "0x36",
            "size": "1",
            "ocd-rw": "R",
            "bitfields": [
                {
                    "caption": "Input Capture Flag 1",
                    "mask": "0x20",
                    "name": "ICF1"
                },
                {
                    "caption": "Output Compare Flag 1B",
                    "mask": "0x04",
                    "name": "OCF1B"
                },
                {
                    "caption": "Output Compare Flag 1A",
                    "mask": "0x02",
                    "name": "OCF1A"
                },
                {
                    "caption": "Timer/Counter1 Overflow Flag",
                    "mask": "0x01",
                    "name": "TOV1"
                }
            ]
        },
        {
            "caption": "Timer/Counter Interrupt Flag Register",
            "name": "TIFR2",
            "offset": "0x37",
            "size": "1",
            "ocd-rw": "R",
            "bitfields": [
                {
                    "caption": "Output Compare Flag 2B",
                    "mask": "0x04",
                    "name": "OCF2B"
                },
                {
                    "caption": "Output Compare Flag 2A",
                    "mask": "0x02",
                    "name": "OCF2A"
                },
                {
                    "caption": "Timer/Counter2 Overflow Flag",
                    "mask": "0x01",
                    "name": "TOV2"
                }
            ]
        },
        {
            "caption": "Pin Change Interrupt Flag Register",
            "name": "PCIFR",
            "offset": "0x3B",
            "size": "1",
            "ocd-rw": "R",
            "bitfields": [
                {
                    "caption": "Pin Change Interrupt Flags",
                    "mask": "0x07",
                    "name": "PCIF"
                }
            ]
        },
        {
            "caption": "External Interrupt Flag Register",
            "name": "EIFR",
            "offset": "0x3C",
            "size": "1",
            "ocd-rw": "R",
            "bitfields": [
                {
                    "caption": "External Interrupt Flags",
                    "mask": "0x03",
                    "name": "INTF"
                }
            ]
        },
        {
            "caption": "External Interrupt Mask Register",
            "name": "EIMSK",
            "offset": "0x3D",
            "size": "1",
            "bitfields": [
                {
                    "caption": "External Interrupt Request 1 Enable",
                    "mask": "0x03",
                    "name": "INT"
                }
            ]
        },
        {
            "caption": "General Purpose I/O Register 0",
            "name": "GPIOR0",
            "offset": "0x3E",
            "size": "1",
            "mask": "0xFF",
            "bitfields": []
        },
        {
            "caption": "EEPROM Control Register",
            "name": "EECR",
            "offset": "0x3F",
            "size": "1",
            "bitfields": [
                {
                    "caption": "EEPROM Programming Mode Bits",
                    "mask": "0x30",
                    "name": "EEPM",
                    "values": "EEP_MODE"
                },
                {
                    "caption": "EEPROM Ready Interrupt Enable",
                    "mask": "0x08",
                    "name": "EERIE"
                },
                {
                    "caption": "EEPROM Master Write Enable",
                    "mask": "0x04",
                    "name": "EEMPE"
                },
                {
                    "caption": "EEPROM Write Enable",
                    "mask": "0x02",
                    "name": "EEPE"
                },
                {
                    "caption": "EEPROM Read Enable",
                    "mask": "0x01",
                    "name": "EERE"
                }
            ]
        },
        {
            "caption": "EEPROM Data Register",
            "name": "EEDR",
            "offset": "0x40",
            "size": "1",
            "mask": "0xFF",
            "bitfields": []
        },
        {
            "caption": "EEPROM Address Register",
            "name": "EEARL",
            "offset": "0x41",
            "size": "2",
            "mask": "0xFF",
            "bitfields": []
        },
        {
            "caption": "EEPROM Address Register",
            "name": "EEARH",
            "offset": "0x42",
            "size": "2",
            "mask": "0x03",
            "bitfields": [
                {
                    "caption": "EEPROM Address Bits",
                    "mask": "0x03",
                    "name": "EEAR"
                }
            ]
        },
        {
            "caption": "General Timer/Counter Control Register",
            "name": "GTCCR",
            "offset": "0x43",
            "size": "1",
            "bitfields": [
                {
                    "caption": "Timer/Counter Synchronization Mode",
                    "mask": "0x80",
                    "name": "TSM"
                },
                {
                    "caption": "Prescaler Reset Timer/Counter1 and Timer/Counter0",
                    "mask": "0x01",
                    "name": "PSRSYNC"
                }
            ]
        },
        {
            "caption": "General Timer Counter Control register",
            "name": "GTCCR",
            "offset": "0x43",
            "size": "1",
            "bitfields": [
                {
                    "caption": "Timer/Counter Synchronization Mode",
                    "mask": "0x80",
                    "name": "TSM"
                },
                {
                    "caption": "Prescaler Reset Timer/Counter2",
                    "mask": "0x02",
                    "name": "PSRASY"
                }
            ]
        },
        {
            "caption": "General Timer/Counter Control Register",
            "name": "GTCCR",
            "offset": "0x43",
            "size": "1",
            "bitfields": [
                {
                    "caption": "Timer/Counter Synchronization Mode",
                    "mask": "0x80",
                    "name": "TSM"
                },
                {
                    "caption": "Prescaler Reset Timer/Counter1 and Timer/Counter0",
                    "mask": "0x01",
                    "name": "PSRSYNC"
                }
            ]
        },
        {
            "caption": "Timer/Counter  Control Register A",
            "name": "TCCR0A",
            "offset": "0x44",
            "size": "1",
            "bitfields": [
                {
                    "caption": "Compare Output Mode, Phase Correct PWM Mode",
                    "mask": "0xC0",
                    "name": "COM0A"
                },
                {
                    "caption": "Compare Output Mode, Fast PWm",
                    "mask": "0x30",
                    "name": "COM0B"
                },
                {
                    "caption": "Waveform Generation Mode",
                    "mask": "0x03",
                    "name": "WGM0"
                }
            ]
        },
        {
            "caption": "Timer/Counter Control Register B",
            "name": "TCCR0B",
            "offset": "0x45",
            "size": "1",
            "bitfields": [
                {
                    "caption": "Force Output Compare A",
                    "mask": "0x80",
                    "name": "FOC0A"
                },
                {
                    "caption": "Force Output Compare B",
                    "mask": "0x40",
                    "name": "FOC0B"
                },
                {
                    "caption": "Waveform Generation Mode",
                    "mask": "0x08",
                    "name": "WGM02"
                },
                {
                    "caption": "Clock Select",
                    "mask": "0x07",
                    "name": "CS0",
                    "values": "CLK_SEL_3BIT_EXT"
                }
            ]
        },
        {
            "caption": "Timer/Counter0",
            "name": "TCNT0",
            "offset": "0x46",
            "size": "1",
            "mask": "0xFF",
            "bitfields": []
        },
        {
            "caption": "Timer/Counter0 Output Compare Register",
            "name": "OCR0A",
            "offset": "0x47",
            "size": "1",
            "mask": "0xFF",
            "bitfields": []
        },
        {
            "caption": "Timer/Counter0 Output Compare Register",
            "name": "OCR0B",
            "offset": "0x48",
            "size": "1",
            "mask": "0xFF",
            "bitfields": []
        },
        {
            "caption": "General Purpose I/O Register 1",
            "name": "GPIOR1",
            "offset": "0x4A",
            "size": "1",
            "mask": "0xFF",
            "bitfields": []
        },
        {
            "caption": "General Purpose I/O Register 2",
            "name": "GPIOR2",
            "offset": "0x4B",
            "size": "1",
            "mask": "0xFF",
            "bitfields": []
        },
        {
            "caption": "SPI Control Register",
            "name": "SPCR",
            "offset": "0x4C",
            "size": "1",
            "bitfields": [
                {
                    "caption": "SPI Interrupt Enable",
                    "mask": "0x80",
                    "name": "SPIE"
                },
                {
                    "caption": "SPI Enable",
                    "mask": "0x40",
                    "name": "SPE"
                },
                {
                    "caption": "Data Order",
                    "mask": "0x20",
                    "name": "DORD"
                },
                {
                    "caption": "Master/Slave Select",
                    "mask": "0x10",
                    "name": "MSTR"
                },
                {
                    "caption": "Clock polarity",
                    "mask": "0x08",
                    "name": "CPOL"
                },
                {
                    "caption": "Clock Phase",
                    "mask": "0x04",
                    "name": "CPHA"
                },
                {
                    "caption": "SPI Clock Rate Selects",
                    "mask": "0x03",
                    "name": "SPR",
                    "values": "COMM_SCK_RATE_3BIT"
                }
            ]
        },
        {
            "caption": "SPI Status Register",
            "name": "SPSR",
            "offset": "0x4D",
            "size": "1",
            "ocd-rw": "R",
            "bitfields": [
                {
                    "caption": "SPI Interrupt Flag",
                    "mask": "0x80",
                    "name": "SPIF"
                },
                {
                    "caption": "Write Collision Flag",
                    "mask": "0x40",
                    "name": "WCOL"
                },
                {
                    "caption": "Double SPI Speed Bit",
                    "mask": "0x01",
                    "name": "SPI2X"
                }
            ]
        },
        {
            "caption": "SPI Data Register",
            "name": "SPDR",
            "offset": "0x4E",
            "size": "1",
            "mask": "0xFF",
            "ocd-rw": "",
            "bitfields": []
        },
        {
            "caption": "Analog Comparator Control And Status Register",
            "name": "ACSR",
            "offset": "0x50",
            "size": "1",
            "ocd-rw": "R",
            "bitfields": [
                {
                    "caption": "Analog Comparator Disable",
                    "mask": "0x80",
                    "name": "ACD"
                },
                {
                    "caption": "Analog Comparator Bandgap Select",
                    "mask": "0x40",
                    "name": "ACBG"
                },
                {
                    "caption": "Analog Compare Output",
                    "mask": "0x20",
                    "name": "ACO"
                },
                {
                    "caption": "Analog Comparator Interrupt Flag",
                    "mask": "0x10",
                    "name": "ACI"
                },
                {
                    "caption": "Analog Comparator Interrupt Enable",
                    "mask": "0x08",
                    "name": "ACIE"
                },
                {
                    "caption": "Analog Comparator Input Capture Enable",
                    "mask": "0x04",
                    "name": "ACIC"
                },
                {
                    "caption": "Analog Comparator Interrupt Mode Select bits",
                    "mask": "0x03",
                    "name": "ACIS",
                    "values": "ANALOG_COMP_INTERRUPT"
                }
            ]
        },
        {
            "caption": "Sleep Mode Control Register",
            "name": "SMCR",
            "offset": "0x53",
            "size": "1",
            "bitfields": [
                {
                    "caption": "Sleep Mode Select Bits",
                    "mask": "0x0E",
                    "name": "SM",
                    "values": "CPU_SLEEP_MODE_3BITS2"
                },
                {
                    "caption": "Sleep Enable",
                    "mask": "0x01",
                    "name": "SE"
                }
            ]
        },
        {
            "caption": "MCU Status Register",
            "name": "MCUSR",
            "offset": "0x54",
            "size": "1",
            "bitfields": [
                {
                    "caption": "Watchdog Reset Flag",
                    "mask": "0x08",
                    "name": "WDRF"
                },
                {
                    "caption": "Brown-out Reset Flag",
                    "mask": "0x04",
                    "name": "BORF"
                },
                {
                    "caption": "External Reset Flag",
                    "mask": "0x02",
                    "name": "EXTRF"
                },
                {
                    "caption": "Power-on reset flag",
                    "mask": "0x01",
                    "name": "PORF"
                }
            ]
        },
        {
            "caption": "MCU Control Register",
            "name": "MCUCR",
            "offset": "0x55",
            "size": "1",
            "bitfields": [
                {
                    "caption": "Pull-up Disable",
                    "mask": "0x10",
                    "name": "PUD"
                },
                {
                    "caption": "Interrupt Vector Select",
                    "mask": "0x02",
                    "name": "IVSEL"
                },
                {
                    "caption": "Interrupt Vector Change Enable",
                    "mask": "0x01",
                    "name": "IVCE"
                }
            ]
        },
        {
            "caption": "Store Program Memory Control and Status Register",
            "name": "SPMCSR",
            "offset": "0x57",
            "size": "1",
            "bitfields": [
                {
                    "caption": "SPM Interrupt Enable",
                    "mask": "0x80",
                    "name": "SPMIE"
                },
                {
                    "caption": "Read-While-Write Section Busy",
                    "mask": "0x40",
                    "name": "RWWSB"
                },
                {
                    "caption": "Signature Row Read",
                    "mask": "0x20",
                    "name": "SIGRD"
                },
                {
                    "caption": "Read-While-Write section read enable",
                    "mask": "0x10",
                    "name": "RWWSRE"
                },
                {
                    "caption": "Boot Lock Bit Set",
                    "mask": "0x08",
                    "name": "BLBSET"
                },
                {
                    "caption": "Page Write",
                    "mask": "0x04",
                    "name": "PGWRT"
                },
                {
                    "caption": "Page Erase",
                    "mask": "0x02",
                    "name": "PGERS"
                },
                {
                    "caption": "Store Program Memory",
                    "mask": "0x01",
                    "name": "SPMEN"
                }
            ]
        },
        {
            "caption": "Stack Pointer ",
            "name": "SPL",
            "offset": "0x5D",
            "size": "2",
            "mask": "0xFF",
            "bitfields": []
        },
        {
            "caption": "Stack Pointer ",
            "name": "SPH",
            "offset": "0x5E",
            "size": "2",
            "mask": "0x0F",
            "bitfields": []
        },
        {
            "caption": "Status Register",
            "name": "SREG",
            "offset": "0x5F",
            "size": "1",
            "bitfields": [
                {
                    "caption": "Global Interrupt Enable",
                    "mask": "0x80",
                    "name": "I"
                },
                {
                    "caption": "Bit Copy Storage",
                    "mask": "0x40",
                    "name": "T"
                },
                {
                    "caption": "Half Carry Flag",
                    "mask": "0x20",
                    "name": "H"
                },
                {
                    "caption": "Sign Bit",
                    "mask": "0x10",
                    "name": "S"
                },
                {
                    "caption": "Two's Complement Overflow Flag",
                    "mask": "0x08",
                    "name": "V"
                },
                {
                    "caption": "Negative Flag",
                    "mask": "0x04",
                    "name": "N"
                },
                {
                    "caption": "Zero Flag",
                    "mask": "0x02",
                    "name": "Z"
                },
                {
                    "caption": "Carry Flag",
                    "mask": "0x01",
                    "name": "C"
                }
            ]
        },
        {
            "caption": "Watchdog Timer Control Register",
            "name": "WDTCSR",
            "offset": "0x60",
            "size": "1",
            "ocd-rw": "R",
            "bitfields": [
                {
                    "caption": "Watchdog Timeout Interrupt Flag",
                    "mask": "0x80",
                    "name": "WDIF"
                },
                {
                    "caption": "Watchdog Timeout Interrupt Enable",
                    "mask": "0x40",
                    "name": "WDIE"
                },
                {
                    "caption": "Watchdog Timer Prescaler Bits",
                    "mask": "0x27",
                    "name": "WDP",
                    "values": "WDOG_TIMER_PRESCALE_4BITS"
                },
                {
                    "caption": "Watchdog Change Enable",
                    "mask": "0x10",
                    "name": "WDCE"
                },
                {
                    "caption": "Watch Dog Enable",
                    "mask": "0x08",
                    "name": "WDE"
                }
            ]
        },
        {
            "caption": "Clock Prescale Register",
            "name": "CLKPR",
            "offset": "0x61",
            "size": "1",
            "ocd-rw": "R",
            "bitfields": [
                {
                    "caption": "Clock Prescaler Change Enable",
                    "mask": "0x80",
                    "name": "CLKPCE"
                },
                {
                    "caption": "Clock Prescaler Select Bits",
                    "mask": "0x0F",
                    "name": "CLKPS",
                    "values": "CPU_CLK_PRESCALE_4_BITS_SMALL"
                }
            ]
        },
        {
            "caption": "Power Reduction Register",
            "name": "PRR",
            "offset": "0x64",
            "size": "1",
            "ocd-rw": "R",
            "bitfields": [
                {
                    "caption": "Power Reduction TWI",
                    "mask": "0x80",
                    "name": "PRTWI"
                },
                {
                    "caption": "Power Reduction Timer/Counter2",
                    "mask": "0x40",
                    "name": "PRTIM2"
                },
                {
                    "caption": "Power Reduction Timer/Counter0",
                    "mask": "0x20",
                    "name": "PRTIM0"
                },
                {
                    "caption": "Power Reduction Timer/Counter1",
                    "mask": "0x08",
                    "name": "PRTIM1"
                },
                {
                    "caption": "Power Reduction Serial Peripheral Interface",
                    "mask": "0x04",
                    "name": "PRSPI"
                },
                {
                    "caption": "Power Reduction USART",
                    "mask": "0x02",
                    "name": "PRUSART0"
                },
                {
                    "caption": "Power Reduction ADC",
                    "mask": "0x01",
                    "name": "PRADC"
                }
            ]
        },
        {
            "caption": "Oscillator Calibration Value",
            "name": "OSCCAL",
            "offset": "0x66",
            "size": "1",
            "mask": "0xFF",
            "ocd-rw": "R",
            "bitfields": []
        },
        {
            "caption": "Pin Change Interrupt Control Register",
            "name": "PCICR",
            "offset": "0x68",
            "size": "1",
            "bitfields": [
                {
                    "caption": "Pin Change Interrupt Enables",
                    "mask": "0x07",
                    "name": "PCIE"
                }
            ]
        },
        {
            "caption": "External Interrupt Control Register",
            "name": "EICRA",
            "offset": "0x69",
            "size": "1",
            "bitfields": [
                {
                    "caption": "External Interrupt Sense Control 1 Bits",
                    "mask": "0x0C",
                    "name": "ISC1",
                    "values": "INTERRUPT_SENSE_CONTROL"
                },
                {
                    "caption": "External Interrupt Sense Control 0 Bits",
                    "mask": "0x03",
                    "name": "ISC0",
                    "values": "INTERRUPT_SENSE_CONTROL"
                }
            ]
        },
        {
            "caption": "Pin Change Mask Register 0",
            "name": "PCMSK0",
            "offset": "0x6B",
            "size": "1",
            "bitfields": [
                {
                    "caption": "Pin Change Enable Masks",
                    "mask": "0xFF",
                    "name": "PCINT"
                }
            ]
        },
        {
            "caption": "Pin Change Mask Register 1",
            "name": "PCMSK1",
            "offset": "0x6C",
            "size": "1",
            "bitfields": [
                {
                    "caption": "Pin Change Enable Masks",
                    "mask": "0x7F",
                    "name": "PCINT",
                    "lsb": "8"
                }
            ]
        },
        {
            "caption": "Pin Change Mask Register 2",
            "name": "PCMSK2",
            "offset": "0x6D",
            "size": "1",
            "bitfields": [
                {
                    "caption": "Pin Change Enable Masks",
                    "mask": "0xFF",
                    "name": "PCINT",
                    "lsb": "16"
                }
            ]
        },
        {
            "caption": "Timer/Counter0 Interrupt Mask Register",
            "name": "TIMSK0",
            "offset": "0x6E",
            "size": "1",
            "bitfields": [
                {
                    "caption": "Timer/Counter0 Output Compare Match B Interrupt Enable",
                    "mask": "0x04",
                    "name": "OCIE0B"
                },
                {
                    "caption": "Timer/Counter0 Output Compare Match A Interrupt Enable",
                    "mask": "0x02",
                    "name": "OCIE0A"
                },
                {
                    "caption": "Timer/Counter0 Overflow Interrupt Enable",
                    "mask": "0x01",
                    "name": "TOIE0"
                }
            ]
        },
        {
            "caption": "Timer/Counter Interrupt Mask Register",
            "name": "TIMSK1",
            "offset": "0x6F",
            "size": "1",
            "bitfields": [
                {
                    "caption": "Timer/Counter1 Input Capture Interrupt Enable",
                    "mask": "0x20",
                    "name": "ICIE1"
                },
                {
                    "caption": "Timer/Counter1 Output CompareB Match Interrupt Enable",
                    "mask": "0x04",
                    "name": "OCIE1B"
                },
                {
                    "caption": "Timer/Counter1 Output CompareA Match Interrupt Enable",
                    "mask": "0x02",
                    "name": "OCIE1A"
                },
                {
                    "caption": "Timer/Counter1 Overflow Interrupt Enable",
                    "mask": "0x01",
                    "name": "TOIE1"
                }
            ]
        },
        {
            "caption": "Timer/Counter Interrupt Mask register",
            "name": "TIMSK2",
            "offset": "0x70",
            "size": "1",
            "bitfields": [
                {
                    "caption": "Timer/Counter2 Output Compare Match B Interrupt Enable",
                    "mask": "0x04",
                    "name": "OCIE2B"
                },
                {
                    "caption": "Timer/Counter2 Output Compare Match A Interrupt Enable",
                    "mask": "0x02",
                    "name": "OCIE2A"
                },
                {
                    "caption": "Timer/Counter2 Overflow Interrupt Enable",
                    "mask": "0x01",
                    "name": "TOIE2"
                }
            ]
        },
        {
            "caption": "ADC Data Register",
            "name": "ADCL",
            "offset": "0x78",
            "size": "2",
            "mask": "0xFF",
            "bitfields": []
        },
        {
            "caption": "ADC Data Register",
            "name": "ADCH",
            "offset": "0x79",
            "size": "2",
            "mask": "0xFF",
            "bitfields": []
        },
        {
            "caption": "The ADC Control and Status register A",
            "name": "ADCSRA",
            "offset": "0x7A",
            "size": "1",
            "ocd-rw": "R",
            "bitfields": [
                {
                    "caption": "ADC Enable",
                    "mask": "0x80",
                    "name": "ADEN"
                },
                {
                    "caption": "ADC Start Conversion",
                    "mask": "0x40",
                    "name": "ADSC"
                },
                {
                    "caption": "ADC  Auto Trigger Enable",
                    "mask": "0x20",
                    "name": "ADATE"
                },
                {
                    "caption": "ADC Interrupt Flag",
                    "mask": "0x10",
                    "name": "ADIF"
                },
                {
                    "caption": "ADC Interrupt Enable",
                    "mask": "0x08",
                    "name": "ADIE"
                },
                {
                    "caption": "ADC  Prescaler Select Bits",
                    "mask": "0x07",
                    "name": "ADPS",
                    "values": "ANALOG_ADC_PRESCALER"
                }
            ]
        },
        {
            "caption": "The ADC Control and Status register B",
            "name": "ADCSRB",
            "offset": "0x7B",
            "size": "1",
            "bitfields": [
                {
                    "caption": "Analog Comparator Multiplexer Enable",
                    "mask": "0x40",
                    "name": "ACME"
                },
                {
                    "caption": "ADC Auto Trigger Source bits",
                    "mask": "0x07",
                    "name": "ADTS",
                    "values": "ANALOG_ADC_AUTO_TRIGGER"
                }
            ]
        },
        {
            "caption": "The ADC multiplexer Selection Register",
            "name": "ADMUX",
            "offset": "0x7C",
            "size": "1",
            "bitfields": [
                {
                    "caption": "Reference Selection Bits",
                    "mask": "0xC0",
                    "name": "REFS",
                    "values": "ANALOG_ADC_V_REF3"
                },
                {
                    "caption": "Left Adjust Result",
                    "mask": "0x20",
                    "name": "ADLAR"
                },
                {
                    "caption": "Analog Channel Selection Bits",
                    "mask": "0x0F",
                    "name": "MUX",
                    "values": "ADC_MUX_SINGLE_NO_TEMP"
                }
            ]
        },
        {
            "caption": "Digital Input Disable Register",
            "name": "DIDR0",
            "offset": "0x7E",
            "size": "1",
            "bitfields": [
                {
                    "caption": "Digital Input Disable 5",
                    "mask": "0x20",
                    "name": "ADC5D"
                },
                {
                    "caption": "Digital Input Disable 4",
                    "mask": "0x10",
                    "name": "ADC4D"
                },
                {
                    "caption": "Digital Input Disable 3",
                    "mask": "0x08",
                    "name": "ADC3D"
                },
                {
                    "caption": "Digital Input Disable 2",
                    "mask": "0x04",
                    "name": "ADC2D"
                },
                {
                    "caption": "Digital Input Disable 1",
                    "mask": "0x02",
                    "name": "ADC1D"
                },
                {
                    "caption": "Digital Input Disable 0",
                    "mask": "0x01",
                    "name": "ADC0D"
                }
            ]
        },
        {
            "caption": "Digital Input Disable Register 1",
            "name": "DIDR1",
            "offset": "0x7F",
            "size": "1",
            "bitfields": [
                {
                    "caption": "AIN1 Digital Input Disable",
                    "mask": "0x02",
                    "name": "AIN1D"
                },
                {
                    "caption": "AIN0 Digital Input Disable",
                    "mask": "0x01",
                    "name": "AIN0D"
                }
            ]
        },
        {
            "caption": "Timer/Counter1 Control Register A",
            "name": "TCCR1A",
            "offset": "0x80",
            "size": "1",
            "bitfields": [
                {
                    "caption": "Compare Output Mode 1A, bits",
                    "mask": "0xC0",
                    "name": "COM1A"
                },
                {
                    "caption": "Compare Output Mode 1B, bits",
                    "mask": "0x30",
                    "name": "COM1B"
                },
                {
                    "caption": "Waveform Generation Mode",
                    "mask": "0x03",
                    "name": "WGM1"
                }
            ]
        },
        {
            "caption": "Timer/Counter1 Control Register B",
            "name": "TCCR1B",
            "offset": "0x81",
            "size": "1",
            "bitfields": [
                {
                    "caption": "Input Capture 1 Noise Canceler",
                    "mask": "0x80",
                    "name": "ICNC1"
                },
                {
                    "caption": "Input Capture 1 Edge Select",
                    "mask": "0x40",
                    "name": "ICES1"
                },
                {
                    "caption": "Waveform Generation Mode",
                    "mask": "0x18",
                    "name": "WGM1",
                    "lsb": "2"
                },
                {
                    "caption": "Prescaler source of Timer/Counter 1",
                    "mask": "0x07",
                    "name": "CS1",
                    "values": "CLK_SEL_3BIT_EXT"
                }
            ]
        },
        {
            "caption": "Timer/Counter1 Control Register C",
            "name": "TCCR1C",
            "offset": "0x82",
            "size": "1",
            "ocd-rw": "",
            "bitfields": [
                {
                    "caption": "Force Output Compare for Channel A",
                    "mask": "0x80",
                    "name": "FOC1A"
                },
                {
                    "caption": "Force Output Compare for Channel B",
                    "mask": "0x40",
                    "name": "FOC1B"
                }
            ]
        },
        {
            "caption": "Timer/Counter1",
            "name": "TCNT1L",
            "offset": "0x84",
            "size": "2",
            "mask": "0xFF",
            "bitfields": []
        },
        {
            "caption": "Timer/Counter1",
            "name": "TCNT1H",
            "offset": "0x85",
            "size": "2",
            "mask": "0xFF",
            "bitfields": []
        },
        {
            "caption": "Timer/Counter1 Input Capture Register",
            "name": "ICR1L",
            "offset": "0x86",
            "size": "2",
            "mask": "0xFF",
            "bitfields": []
        },
        {
            "caption": "Timer/Counter1 Input Capture Register",
            "name": "ICR1H",
            "offset": "0x87",
            "size": "2",
            "mask": "0xFF",
            "bitfields": []
        },
        {
            "caption": "Timer/Counter1 Output Compare Register",
            "name": "OCR1AL",
            "offset": "0x88",
            "size": "2",
            "mask": "0xFF",
            "bitfields": []
        },
        {
            "caption": "Timer/Counter1 Output Compare Register",
            "name": "OCR1AH",
            "offset": "0x89",
            "size": "2",
            "mask": "0xFF",
            "bitfields": []
        },
        {
            "caption": "Timer/Counter1 Output Compare Register",
            "name": "OCR1BL",
            "offset": "0x8A",
            "size": "2",
            "mask": "0xFF",
            "bitfields": []
        },
        {
            "caption": "Timer/Counter1 Output Compare Register",
            "name": "OCR1BH",
            "offset": "0x8B",
            "size": "2",
            "mask": "0xFF",
            "bitfields": []
        },
        {
            "caption": "Timer/Counter2 Control Register A",
            "name": "TCCR2A",
            "offset": "0xB0",
            "size": "1",
            "bitfields": [
                {
                    "caption": "Compare Output Mode bits",
                    "mask": "0xC0",
                    "name": "COM2A"
                },
                {
                    "caption": "Compare Output Mode bits",
                    "mask": "0x30",
                    "name": "COM2B"
                },
                {
                    "caption": "Waveform Genration Mode",
                    "mask": "0x03",
                    "name": "WGM2"
                }
            ]
        },
        {
            "caption": "Timer/Counter2 Control Register B",
            "name": "TCCR2B",
            "offset": "0xB1",
            "size": "1",
            "bitfields": [
                {
                    "caption": "Force Output Compare A",
                    "mask": "0x80",
                    "name": "FOC2A"
                },
                {
                    "caption": "Force Output Compare B",
                    "mask": "0x40",
                    "name": "FOC2B"
                },
                {
                    "caption": "Waveform Generation Mode",
                    "mask": "0x08",
                    "name": "WGM22"
                },
                {
                    "caption": "Clock Select bits",
                    "mask": "0x07",
                    "name": "CS2",
                    "values": "CLK_SEL_3BIT"
                }
            ]
        },
        {
            "caption": "Timer/Counter2",
            "name": "TCNT2",
            "offset": "0xB2",
            "size": "1",
            "mask": "0xFF",
            "bitfields": []
        },
        {
            "caption": "Timer/Counter2 Output Compare Register A",
            "name": "OCR2A",
            "offset": "0xB3",
            "size": "1",
            "mask": "0xFF",
            "bitfields": []
        },
        {
            "caption": "Timer/Counter2 Output Compare Register B",
            "name": "OCR2B",
            "offset": "0xB4",
            "size": "1",
            "mask": "0xFF",
            "bitfields": []
        },
        {
            "caption": "Asynchronous Status Register",
            "name": "ASSR",
            "offset": "0xB6",
            "size": "1",
            "bitfields": [
                {
                    "caption": "Enable External Clock Input",
                    "mask": "0x40",
                    "name": "EXCLK"
                },
                {
                    "caption": "Asynchronous Timer/Counter2",
                    "mask": "0x20",
                    "name": "AS2"
                },
                {
                    "caption": "Timer/Counter2 Update Busy",
                    "mask": "0x10",
                    "name": "TCN2UB"
                },
                {
                    "caption": "Output Compare Register2 Update Busy",
                    "mask": "0x08",
                    "name": "OCR2AUB"
                },
                {
                    "caption": "Output Compare Register 2 Update Busy",
                    "mask": "0x04",
                    "name": "OCR2BUB"
                },
                {
                    "caption": "Timer/Counter Control Register2 Update Busy",
                    "mask": "0x02",
                    "name": "TCR2AUB"
                },
                {
                    "caption": "Timer/Counter Control Register2 Update Busy",
                    "mask": "0x01",
                    "name": "TCR2BUB"
                }
            ]
        },
        {
            "caption": "TWI Bit Rate register",
            "name": "TWBR",
            "offset": "0xB8",
            "size": "1",
            "mask": "0xFF",
            "bitfields": []
        },
        {
            "caption": "TWI Status Register",
            "name": "TWSR",
            "offset": "0xB9",
            "size": "1",
            "bitfields": [
                {
                    "caption": "TWI Status",
                    "mask": "0xF8",
                    "name": "TWS",
                    "lsb": "3"
                },
                {
                    "caption": "TWI Prescaler",
                    "mask": "0x03",
                    "name": "TWPS",
                    "values": "COMM_TWI_PRESACLE"
                }
            ]
        },
        {
            "caption": "TWI (Slave) Address register",
            "name": "TWAR",
            "offset": "0xBA",
            "size": "1",
            "bitfields": [
                {
                    "caption": "TWI (Slave) Address register Bits",
                    "mask": "0xFE",
                    "name": "TWA"
                },
                {
                    "caption": "TWI General Call Recognition Enable Bit",
                    "mask": "0x01",
                    "name": "TWGCE"
                }
            ]
        },
        {
            "caption": "TWI Data register",
            "name": "TWDR",
            "offset": "0xBB",
            "size": "1",
            "mask": "0xFF",
            "bitfields": []
        },
        {
            "caption": "TWI Control Register",
            "name": "TWCR",
            "offset": "0xBC",
            "size": "1",
            "ocd-rw": "R",
            "bitfields": [
                {
                    "caption": "TWI Interrupt Flag",
                    "mask": "0x80",
                    "name": "TWINT"
                },
                {
                    "caption": "TWI Enable Acknowledge Bit",
                    "mask": "0x40",
                    "name": "TWEA"
                },
                {
                    "caption": "TWI Start Condition Bit",
                    "mask": "0x20",
                    "name": "TWSTA"
                },
                {
                    "caption": "TWI Stop Condition Bit",
                    "mask": "0x10",
                    "name": "TWSTO"
                },
                {
                    "caption": "TWI Write Collition Flag",
                    "mask": "0x08",
                    "name": "TWWC"
                },
                {
                    "caption": "TWI Enable Bit",
                    "mask": "0x04",
                    "name": "TWEN"
                },
                {
                    "caption": "TWI Interrupt Enable",
                    "mask": "0x01",
                    "name": "TWIE"
                }
            ]
        },
        {
            "caption": "TWI (Slave) Address Mask Register",
            "name": "TWAMR",
            "offset": "0xBD",
            "size": "1",
            "bitfields": [
                {
                    "caption": "TWI Address Mask",
                    "mask": "0xFE",
                    "name": "TWAM"
                }
            ]
        },
        {
            "caption": "USART Control and Status Register A",
            "name": "UCSR0A",
            "offset": "0xC0",
            "size": "1",
            "ocd-rw": "R",
            "bitfields": [
                {
                    "caption": "USART Receive Complete",
                    "mask": "0x80",
                    "name": "RXC0"
                },
                {
                    "caption": "USART Transmitt Complete",
                    "mask": "0x40",
                    "name": "TXC0"
                },
                {
                    "caption": "USART Data Register Empty",
                    "mask": "0x20",
                    "name": "UDRE0"
                },
                {
                    "caption": "Framing Error",
                    "mask": "0x10",
                    "name": "FE0"
                },
                {
                    "caption": "Data overRun",
                    "mask": "0x08",
                    "name": "DOR0"
                },
                {
                    "caption": "Parity Error",
                    "mask": "0x04",
                    "name": "UPE0"
                },
                {
                    "caption": "Double the USART transmission speed",
                    "mask": "0x02",
                    "name": "U2X0"
                },
                {
                    "caption": "Multi-processor Communication Mode",
                    "mask": "0x01",
                    "name": "MPCM0"
                }
            ]
        },
        {
            "caption": "USART Control and Status Register B",
            "name": "UCSR0B",
            "offset": "0xC1",
            "size": "1",
            "bitfields": [
                {
                    "caption": "RX Complete Interrupt Enable",
                    "mask": "0x80",
                    "name": "RXCIE0"
                },
                {
                    "caption": "TX Complete Interrupt Enable",
                    "mask": "0x40",
                    "name": "TXCIE0"
                },
                {
                    "caption": "USART Data register Empty Interrupt Enable",
                    "mask": "0x20",
                    "name": "UDRIE0"
                },
                {
                    "caption": "Receiver Enable",
                    "mask": "0x10",
                    "name": "RXEN0"
                },
                {
                    "caption": "Transmitter Enable",
                    "mask": "0x08",
                    "name": "TXEN0"
                },
                {
                    "caption": "Character Size - together with UCSZ0 in UCSR0C",
                    "mask": "0x04",
                    "name": "UCSZ02"
                },
                {
                    "caption": "Receive Data Bit 8",
                    "mask": "0x02",
                    "name": "RXB80"
                },
                {
                    "caption": "Transmit Data Bit 8",
                    "mask": "0x01",
                    "name": "TXB80"
                }
            ]
        },
        {
            "caption": "USART Control and Status Register C",
            "name": "UCSR0C",
            "offset": "0xC2",
            "size": "1",
            "bitfields": [
                {
                    "caption": "USART Mode Select",
                    "mask": "0xC0",
                    "name": "UMSEL0",
                    "values": "COMM_USART_MODE_2BIT"
                },
                {
                    "caption": "Parity Mode Bits",
                    "mask": "0x30",
                    "name": "UPM0",
                    "values": "COMM_UPM_PARITY_MODE"
                },
                {
                    "caption": "Stop Bit Select",
                    "mask": "0x08",
                    "name": "USBS0",
                    "values": "COMM_STOP_BIT_SEL"
                },
                {
                    "caption": "Character Size - together with UCSZ2 in UCSR0B",
                    "mask": "0x06",
                    "name": "UCSZ0"
                },
                {
                    "caption": "Clock Polarity",
                    "mask": "0x01",
                    "name": "UCPOL0"
                }
            ]
        },
        {
            "caption": "USART Baud Rate Register",
            "name": "UBRR0L",
            "offset": "0xC4",
            "size": "2",
            "mask": "0xFF",
            "bitfields": []
        },
        {
            "caption": "USART Baud Rate Register",
            "name": "UBRR0H",
            "offset": "0xC5",
            "size": "2",
            "mask": "0x0F",
            "bitfields": [
                {
                    "caption": "USART Baud rate bits",
                    "mask": "0x0F",
                    "name": "UBRR0"
                }
            ]
        },
        {
            "caption": "USART I/O Data Register",
            "name": "UDR0",
            "offset": "0xC6",
            "size": "1",
            "mask": "0xFF",
            "ocd-rw": "",
            "bitfields": []
        }
    ],
    "register_groups": [
        {
            "caption": "USART",
            "name": "USART0",
            "registers": [192, 193, 194, 196, 197, 198]
        },
        {
            "caption": "Two Wire Serial Interface",
            "name": "TWI",
            "registers": [
                184,
                185,
                186,
                187,
                188,
                189
            ]
        },
        {
            "caption": "Timer/Counter, 16-bit",
            "name": "TC1",
            "registers": [
                128,
                129,
                130,
                67,
                132,
                133,
                134,
                135,
                136,
                137,
                138,
                139,
                111,
                54
            ]
        },
        {
            "caption": "Timer/Counter, 8-bit Async",
            "name": "TC2",
            "registers": [
                67,
                112,
                177,
                178,
                176,
                180,
                179,
                182,
                55
            ]
        },
        {
            "caption": "Analog-to-Digital Converter",
            "name": "ADC",
            "registers": [
                120,
                121,
                122,
                123,
                124,
                126
            ]
        },
        {
            "caption": "Analog Comparator",
            "name": "AC",
            "registers": [
                80,
                127
            ]
        },
        {
            "caption": "I/O Port",
            "name": "PORTB",
            "registers": [
                35,
                36,
                37
            ]
        },
        {
            "caption": "I/O Port",
            "name": "PORTC",
            "registers": [
                40,
                38,
                39
            ]
        },
        {
            "caption": "I/O Port",
            "name": "PORTD",
            "registers": [
                41,
                42,
                43
            ]
        },
        {
            "caption": "Timer/Counter, 8-bit",
            "name": "TC0",
            "registers": [
                67,
                68,
                69,
                70,
                71,
                72,
                110,
                53
            ]
        },
        {
            "caption": "External Interrupts",
            "name": "EXINT",
            "registers": [
                104,
                105,
                107,
                108,
                109,
                59,
                60,
                61
            ]
        },
        {
            "caption": "Serial Peripheral Interface",
            "name": "SPI",
            "registers": [
                76,
                77,
                78
            ]
        },
        {
            "caption": "Watchdog Timer",
            "name": "WDT",
            "registers": [
                96
            ]
        },
        {
            "caption": "EEPROM",
            "name": "EEPROM",
            "registers": [
                64,
                65,
                66,
                63
            ]
        },
        {
            "caption": "CPU Registers",
            "name": "CPU",
            "registers": [
                97,
                100,
                102,
                74,
                75,
                83,
                84,
                85,
                87,
                94,
                93,
                62,
                95
            ]
        }
    ]
}
