{
    "flash_start": "0x0000",
    "flash_size": "0x2000",
    "regs_start": "0x0000",
    "regs_size": "0x0020",
    "io_start": "0x0020",
    "io_size": "0x0040",
    "ram_start": "0x0060",
    "ram_size": "0x0200",
    "eeprom_start": "0x0000",
    "eeprom_size": "0x0200",
    "registers": [
        {
            "caption": "Power Reduction Register",
            "name": "PRR",
            "offset": "0x20",
            "size": "1",
            "bitfields": [
                {
                    "caption": "Power Reduction Timer/Counter1",
                    "mask": "0x08",
                    "name": "PRTIM1"
                },
                {
                    "caption": "Power Reduction Timer/Counter0",
                    "mask": "0x04",
                    "name": "PRTIM0"
                },
                {
                    "caption": "Power Reduction USI",
                    "mask": "0x02",
                    "name": "PRUSI"
                },
                {
                    "caption": "Power Reduction ADC",
                    "mask": "0x01",
                    "name": "PRADC"
                }
            ]
        },
        {
            "name": "DIDR0",
            "offset": "0x21",
            "size": "1",
            "bitfields": [
                {
                    "caption": "ADC 1 Digital input buffer disable",
                    "mask": "0x02",
                    "name": "ADC1D"
                },
                {
                    "caption": "ADC 0 Digital input buffer disable",
                    "mask": "0x01",
                    "name": "ADC0D"
                }
            ]
        },
        {
            "caption": "Digital Input Disable Register 0",
            "name": "DIDR0",
            "offset": "0x21",
            "size": "1",
            "mask": "0xFF",
            "bitfields": []
        },
        {
            "caption": "ADC Control and Status Register B",
            "name": "ADCSRB",
            "offset": "0x23",
            "size": "1",
            "bitfields": [
                {
                    "caption": "Analog Comparator Multiplexer Enable",
                    "mask": "0x40",
                    "name": "ACME"
                }
            ]
        },
        {
            "caption": "ADC Control and Status Register B",
            "name": "ADCSRB",
            "offset": "0x23",
            "size": "1",
            "bitfields": [
                {
                    "caption": "Bipolar Input Mode",
                    "mask": "0x80",
                    "name": "BIN"
                },
                {
                    "caption": "ADC Left Adjust Result",
                    "mask": "0x10",
                    "name": "ADLAR"
                },
                {
                    "caption": "ADC Auto Trigger Source bits",
                    "mask": "0x07",
                    "name": "ADTS",
                    "values": "ANALOG_ADC_AUTO_TRIGGER"
                }
            ]
        },
        {
            "caption": "ADC Data Register  Bytes",
            "name": "ADCL",
            "offset": "0x24",
            "size": "2",
            "mask": "0xFF",
            "bitfields": []
        },
        {
            "caption": "ADC Data Register  Bytes",
            "name": "ADCH",
            "offset": "0x25",
            "size": "2",
            "mask": "0xFF",
            "bitfields": []
        },
        {
            "caption": "ADC Control and Status Register A",
            "name": "ADCSRA",
            "offset": "0x26",
            "size": "1",
            "ocd-rw": "R",
            "bitfields": [
                {
                    "caption": "ADC Enable",
                    "mask": "0x80",
                    "name": "ADEN"
                },
                {
                    "caption": "ADC Start Conversion",
                    "mask": "0x40",
                    "name": "ADSC"
                },
                {
                    "caption": "ADC Auto Trigger Enable",
                    "mask": "0x20",
                    "name": "ADATE"
                },
                {
                    "caption": "ADC Interrupt Flag",
                    "mask": "0x10",
                    "name": "ADIF"
                },
                {
                    "caption": "ADC Interrupt Enable",
                    "mask": "0x08",
                    "name": "ADIE"
                },
                {
                    "caption": "ADC  Prescaler Select Bits",
                    "mask": "0x07",
                    "name": "ADPS",
                    "values": "ANALOG_ADC_PRESCALER"
                }
            ]
        },
        {
            "caption": "ADC Multiplexer Selection Register",
            "name": "ADMUX",
            "offset": "0x27",
            "size": "1",
            "mask": "0xFF",
            "bitfields": []
        },
        {
            "caption": "Analog Comparator Control And Status Register",
            "name": "ACSR",
            "offset": "0x28",
            "size": "1",
            "ocd-rw": "R",
            "bitfields": [
                {
                    "caption": "Analog Comparator Disable",
                    "mask": "0x80",
                    "name": "ACD"
                },
                {
                    "caption": "Analog Comparator Bandgap Select",
                    "mask": "0x40",
                    "name": "ACBG"
                },
                {
                    "caption": "Analog Compare Output",
                    "mask": "0x20",
                    "name": "ACO"
                },
                {
                    "caption": "Analog Comparator Interrupt Flag",
                    "mask": "0x10",
                    "name": "ACI"
                },
                {
                    "caption": "Analog Comparator Interrupt Enable",
                    "mask": "0x08",
                    "name": "ACIE"
                },
                {
                    "caption": "Analog Comparator Input Capture Enable",
                    "mask": "0x04",
                    "name": "ACIC"
                },
                {
                    "caption": "Analog Comparator Interrupt Mode Select bits",
                    "mask": "0x03",
                    "name": "ACIS",
                    "values": "ANALOG_COMP_INTERRUPT"
                }
            ]
        },
        {
            "caption": "Timer/Counter Interrupt Flag register",
            "name": "TIFR1",
            "offset": "0x2B",
            "size": "1",
            "ocd-rw": "R",
            "bitfields": [
                {
                    "caption": "Timer/Counter1 Input Capture Flag",
                    "mask": "0x20",
                    "name": "ICF1"
                },
                {
                    "caption": "Timer/Counter1 Output Compare B Match Flag",
                    "mask": "0x04",
                    "name": "OCF1B"
                },
                {
                    "caption": "Timer/Counter1 Output Compare A Match Flag",
                    "mask": "0x02",
                    "name": "OCF1A"
                },
                {
                    "caption": "Timer/Counter1 Overflow Flag",
                    "mask": "0x01",
                    "name": "TOV1"
                }
            ]
        },
        {
            "caption": "Timer/Counter1 Interrupt Mask Register",
            "name": "TIMSK1",
            "offset": "0x2C",
            "size": "1",
            "bitfields": [
                {
                    "caption": "Timer/Counter1 Input Capture Interrupt Enable",
                    "mask": "0x20",
                    "name": "ICIE1"
                },
                {
                    "caption": "Timer/Counter1 Output Compare B Match Interrupt Enable",
                    "mask": "0x04",
                    "name": "OCIE1B"
                },
                {
                    "caption": "Timer/Counter1 Output Compare A Match Interrupt Enable",
                    "mask": "0x02",
                    "name": "OCIE1A"
                },
                {
                    "caption": "Timer/Counter1 Overflow Interrupt Enable",
                    "mask": "0x01",
                    "name": "TOIE1"
                }
            ]
        },
        {
            "caption": "USI Control Register",
            "name": "USICR",
            "offset": "0x2D",
            "size": "1",
            "bitfields": [
                {
                    "caption": "Start Condition Interrupt Enable",
                    "mask": "0x80",
                    "name": "USISIE"
                },
                {
                    "caption": "Counter Overflow Interrupt Enable",
                    "mask": "0x40",
                    "name": "USIOIE"
                },
                {
                    "caption": "USI Wire Mode Bits",
                    "mask": "0x30",
                    "name": "USIWM",
                    "values": "COMM_USI_OP"
                },
                {
                    "caption": "USI Clock Source Select Bits",
                    "mask": "0x0C",
                    "name": "USICS"
                },
                {
                    "caption": "Clock Strobe",
                    "mask": "0x02",
                    "name": "USICLK"
                },
                {
                    "caption": "Toggle Clock Port Pin",
                    "mask": "0x01",
                    "name": "USITC"
                }
            ]
        },
        {
            "caption": "USI Status Register",
            "name": "USISR",
            "offset": "0x2E",
            "size": "1",
            "ocd-rw": "R",
            "bitfields": [
                {
                    "caption": "Start Condition Interrupt Flag",
                    "mask": "0x80",
                    "name": "USISIF"
                },
                {
                    "caption": "Counter Overflow Interrupt Flag",
                    "mask": "0x40",
                    "name": "USIOIF"
                },
                {
                    "caption": "Stop Condition Flag",
                    "mask": "0x20",
                    "name": "USIPF"
                },
                {
                    "caption": "Data Output Collision",
                    "mask": "0x10",
                    "name": "USIDC"
                },
                {
                    "caption": "USI Counter Value Bits",
                    "mask": "0x0F",
                    "name": "USICNT"
                }
            ]
        },
        {
            "caption": "USI Data Register",
            "name": "USIDR",
            "offset": "0x2F",
            "size": "1",
            "mask": "0xFF",
            "bitfields": []
        },
        {
            "caption": "USI Buffer Register",
            "name": "USIBR",
            "offset": "0x30",
            "size": "1",
            "mask": "0xFF",
            "ocd-rw": "R",
            "bitfields": []
        },
        {
            "caption": "Pin Change Enable Mask 0",
            "name": "PCMSK0",
            "offset": "0x32",
            "size": "1",
            "mask": "0xFF",
            "bitfields": []
        },
        {
            "caption": "General Purpose I/O Register 0",
            "name": "GPIOR0",
            "offset": "0x33",
            "size": "1",
            "mask": "0xFF",
            "bitfields": []
        },
        {
            "caption": "General Purpose I/O Register 1",
            "name": "GPIOR1",
            "offset": "0x34",
            "size": "1",
            "mask": "0xFF",
            "bitfields": []
        },
        {
            "caption": "General Purpose I/O Register 2",
            "name": "GPIOR2",
            "offset": "0x35",
            "size": "1",
            "mask": "0xFF",
            "bitfields": []
        },
        {
            "caption": "Input Pins, Port B",
            "name": "PINB",
            "offset": "0x36",
            "size": "1",
            "mask": "0x0F",
            "ocd-rw": "R",
            "bitfields": []
        },
        {
            "caption": "Data Direction Register, Port B",
            "name": "DDRB",
            "offset": "0x37",
            "size": "1",
            "mask": "0x0F",
            "bitfields": []
        },
        {
            "caption": "Data Register, Port B",
            "name": "PORTB",
            "offset": "0x38",
            "size": "1",
            "mask": "0x0F",
            "bitfields": []
        },
        {
            "caption": "Port A Input Pins",
            "name": "PINA",
            "offset": "0x39",
            "size": "1",
            "mask": "0xFF",
            "ocd-rw": "R",
            "bitfields": []
        },
        {
            "caption": "Port A Data Direction Register",
            "name": "DDRA",
            "offset": "0x3A",
            "size": "1",
            "mask": "0xFF",
            "bitfields": []
        },
        {
            "caption": "Port A Data Register",
            "name": "PORTA",
            "offset": "0x3B",
            "size": "1",
            "mask": "0xFF",
            "bitfields": []
        },
        {
            "caption": "EEPROM Control Register",
            "name": "EECR",
            "offset": "0x3C",
            "size": "1",
            "bitfields": [
                {
                    "caption": "EEPROM Programming Mode Bits",
                    "mask": "0x30",
                    "name": "EEPM",
                    "values": "EEP_MODE"
                },
                {
                    "caption": "EEPROM Ready Interrupt Enable",
                    "mask": "0x08",
                    "name": "EERIE"
                },
                {
                    "caption": "EEPROM Master Write Enable",
                    "mask": "0x04",
                    "name": "EEMPE"
                },
                {
                    "caption": "EEPROM Write Enable",
                    "mask": "0x02",
                    "name": "EEPE"
                },
                {
                    "caption": "EEPROM Read Enable",
                    "mask": "0x01",
                    "name": "EERE"
                }
            ]
        },
        {
            "caption": "EEPROM Data Register",
            "name": "EEDR",
            "offset": "0x3D",
            "size": "1",
            "mask": "0xFF",
            "bitfields": []
        },
        {
            "caption": "EEPROM Address Register  Bytes",
            "name": "EEARL",
            "offset": "0x3E",
            "size": "2",
            "mask": "0xFF",
            "bitfields": []
        },
        {
            "caption": "EEPROM Address Register  Bytes",
            "name": "EEARH",
            "offset": "0x3F",
            "size": "2",
            "mask": "0x01",
            "bitfields": []
        },
        {
            "caption": "Pin Change Enable Mask 1",
            "name": "PCMSK1",
            "offset": "0x40",
            "size": "1",
            "mask": "0x0F",
            "bitfields": []
        },
        {
            "caption": "Watchdog Timer Control Register",
            "name": "WDTCSR",
            "offset": "0x41",
            "size": "1",
            "ocd-rw": "R",
            "bitfields": [
                {
                    "caption": "Watchdog Timeout Interrupt Flag",
                    "mask": "0x80",
                    "name": "WDIF"
                },
                {
                    "caption": "Watchdog Timeout Interrupt Enable",
                    "mask": "0x40",
                    "name": "WDIE"
                },
                {
                    "caption": "Watchdog Timer Prescaler Bits",
                    "mask": "0x27",
                    "name": "WDP",
                    "values": "WDOG_TIMER_PRESCALE_4BITS"
                },
                {
                    "caption": "Watchdog Change Enable",
                    "mask": "0x10",
                    "name": "WDCE"
                },
                {
                    "caption": "Watch Dog Enable",
                    "mask": "0x08",
                    "name": "WDE"
                }
            ]
        },
        {
            "caption": "Timer/Counter1 Control Register C",
            "name": "TCCR1C",
            "offset": "0x42",
            "size": "1",
            "ocd-rw": "",
            "bitfields": [
                {
                    "caption": "Force Output Compare for Channel A",
                    "mask": "0x80",
                    "name": "FOC1A"
                },
                {
                    "caption": "Force Output Compare for Channel B",
                    "mask": "0x40",
                    "name": "FOC1B"
                }
            ]
        },
        {
            "caption": "General Timer/Counter Control Register",
            "name": "GTCCR",
            "offset": "0x43",
            "size": "1",
            "bitfields": [
                {
                    "caption": "Timer/Counter Synchronization Mode",
                    "mask": "0x80",
                    "name": "TSM"
                },
                {
                    "caption": "Prescaler Reset Timer/CounterN",
                    "mask": "0x01",
                    "name": "PSR10"
                }
            ]
        },
        {
            "caption": "Timer/Counter1 Input Capture Register  Bytes",
            "name": "ICR1L",
            "offset": "0x44",
            "size": "2",
            "mask": "0xFF",
            "bitfields": []
        },
        {
            "caption": "Timer/Counter1 Input Capture Register  Bytes",
            "name": "ICR1H",
            "offset": "0x45",
            "size": "2",
            "mask": "0xFF",
            "bitfields": []
        },
        {
            "caption": "Clock Prescale Register",
            "name": "CLKPR",
            "offset": "0x46",
            "size": "1",
            "bitfields": [
                {
                    "caption": "Clock Prescaler Change Enable",
                    "mask": "0x80",
                    "name": "CLKPCE"
                },
                {
                    "caption": "Clock Prescaler Select Bits",
                    "mask": "0x0F",
                    "name": "CLKPS",
                    "values": "CPU_CLK_PRESCALE_4_BITS_SMALL"
                }
            ]
        },
        {
            "caption": "Timer/Counter1 Output Compare Register B  Bytes",
            "name": "OCR1BL",
            "offset": "0x48",
            "size": "2",
            "mask": "0xFF",
            "bitfields": []
        },
        {
            "caption": "Timer/Counter1 Output Compare Register B  Bytes",
            "name": "OCR1BH",
            "offset": "0x49",
            "size": "2",
            "mask": "0xFF",
            "bitfields": []
        },
        {
            "caption": "Timer/Counter1 Output Compare Register A  Bytes",
            "name": "OCR1AL",
            "offset": "0x4A",
            "size": "2",
            "mask": "0xFF",
            "bitfields": []
        },
        {
            "caption": "Timer/Counter1 Output Compare Register A  Bytes",
            "name": "OCR1AH",
            "offset": "0x4B",
            "size": "2",
            "mask": "0xFF",
            "bitfields": []
        },
        {
            "caption": "Timer/Counter1  Bytes",
            "name": "TCNT1L",
            "offset": "0x4C",
            "size": "2",
            "mask": "0xFF",
            "bitfields": []
        },
        {
            "caption": "Timer/Counter1  Bytes",
            "name": "TCNT1H",
            "offset": "0x4D",
            "size": "2",
            "mask": "0xFF",
            "bitfields": []
        },
        {
            "caption": "Timer/Counter1 Control Register B",
            "name": "TCCR1B",
            "offset": "0x4E",
            "size": "1",
            "bitfields": [
                {
                    "caption": "Input Capture 1 Noise Canceler",
                    "mask": "0x80",
                    "name": "ICNC1"
                },
                {
                    "caption": "Input Capture 1 Edge Select",
                    "mask": "0x40",
                    "name": "ICES1"
                },
                {
                    "caption": "Waveform Generation Mode Bits",
                    "mask": "0x18",
                    "name": "WGM1",
                    "lsb": "2"
                },
                {
                    "caption": "Clock Select1 bits",
                    "mask": "0x07",
                    "name": "CS1",
                    "values": "CLK_SEL_3BIT_EXT"
                }
            ]
        },
        {
            "caption": "Timer/Counter1 Control Register A",
            "name": "TCCR1A",
            "offset": "0x4F",
            "size": "1",
            "bitfields": [
                {
                    "caption": "Compare Output Mode 1A, bits",
                    "mask": "0xC0",
                    "name": "COM1A"
                },
                {
                    "caption": "Compare Output Mode 1B, bits",
                    "mask": "0x30",
                    "name": "COM1B"
                },
                {
                    "caption": "Pulse Width Modulator Select Bits",
                    "mask": "0x03",
                    "name": "WGM1"
                }
            ]
        },
        {
            "caption": "Timer/Counter  Control Register A",
            "name": "TCCR0A",
            "offset": "0x50",
            "size": "1",
            "bitfields": [
                {
                    "caption": "Compare Match Output A Mode bits",
                    "mask": "0xC0",
                    "name": "COM0A"
                },
                {
                    "caption": "Compare Match Output B Mode bits",
                    "mask": "0x30",
                    "name": "COM0B"
                },
                {
                    "caption": "Waveform Generation Mode bits",
                    "mask": "0x03",
                    "name": "WGM0"
                }
            ]
        },
        {
            "caption": "Oscillator Calibration Value",
            "name": "OSCCAL",
            "offset": "0x51",
            "size": "1",
            "mask": "0xFF",
            "ocd-rw": "R",
            "bitfields": []
        },
        {
            "caption": "Timer/Counter0",
            "name": "TCNT0",
            "offset": "0x52",
            "size": "1",
            "mask": "0xFF",
            "bitfields": []
        },
        {
            "caption": "Timer/Counter Control Register B",
            "name": "TCCR0B",
            "offset": "0x53",
            "size": "1",
            "bitfields": [
                {
                    "caption": "Force Output Compare A",
                    "mask": "0x80",
                    "name": "FOC0A"
                },
                {
                    "caption": "Force Output Compare B",
                    "mask": "0x40",
                    "name": "FOC0B"
                },
                {
                    "caption": "Waveform Generation Mode bit 2",
                    "mask": "0x08",
                    "name": "WGM02"
                },
                {
                    "caption": "Clock Select bits",
                    "mask": "0x07",
                    "name": "CS0",
                    "values": "CLK_SEL_3BIT_EXT"
                }
            ]
        },
        {
            "caption": "MCU Status Register",
            "name": "MCUSR",
            "offset": "0x54",
            "size": "1",
            "bitfields": [
                {
                    "caption": "Watchdog Reset Flag",
                    "mask": "0x08",
                    "name": "WDRF"
                },
                {
                    "caption": "Brown-out Reset Flag",
                    "mask": "0x04",
                    "name": "BORF"
                },
                {
                    "caption": "External Reset Flag",
                    "mask": "0x02",
                    "name": "EXTRF"
                },
                {
                    "caption": "Power-on reset flag",
                    "mask": "0x01",
                    "name": "PORF"
                }
            ]
        },
        {
            "caption": "MCU Control Register",
            "name": "MCUCR",
            "offset": "0x55",
            "size": "1",
            "bitfields": [
                {
                    "caption": "Interrupt Sense Control 0 Bit 1",
                    "mask": "0x02",
                    "name": "ISC01"
                },
                {
                    "caption": "Interrupt Sense Control 0 Bit 0",
                    "mask": "0x01",
                    "name": "ISC00",
                    "values": "INTERRUPT_SENSE_CONTROL"
                }
            ]
        },
        {
            "caption": "MCU Control Register",
            "name": "MCUCR",
            "offset": "0x55",
            "size": "1",
            "bitfields": [
                {
                    "caption": "Pull-up Disable",
                    "mask": "0x40",
                    "name": "PUD"
                },
                {
                    "caption": "Sleep Enable",
                    "mask": "0x20",
                    "name": "SE"
                },
                {
                    "caption": "Sleep Mode Select Bits",
                    "mask": "0x18",
                    "name": "SM",
                    "values": "CPU_SLEEP_MODE"
                }
            ]
        },
        {
            "caption": "Timer/Counter0 Output Compare Register A",
            "name": "OCR0A",
            "offset": "0x56",
            "size": "1",
            "mask": "0xFF",
            "bitfields": []
        },
        {
            "caption": "Store Program Memory Control Register",
            "name": "SPMCSR",
            "offset": "0x57",
            "size": "1",
            "ocd-rw": "R",
            "bitfields": [
                {
                    "caption": "Clear temporary page buffer",
                    "mask": "0x10",
                    "name": "CTPB"
                },
                {
                    "caption": "Read fuse and lock bits",
                    "mask": "0x08",
                    "name": "RFLB"
                },
                {
                    "caption": "Page Write",
                    "mask": "0x04",
                    "name": "PGWRT"
                },
                {
                    "caption": "Page Erase",
                    "mask": "0x02",
                    "name": "PGERS"
                },
                {
                    "caption": "Store Program Memory Enable",
                    "mask": "0x01",
                    "name": "SPMEN"
                }
            ]
        },
        {
            "caption": "Timer/Counter0 Interrupt Flag Register",
            "name": "TIFR0",
            "offset": "0x58",
            "size": "1",
            "ocd-rw": "R",
            "bitfields": [
                {
                    "caption": "Timer/Counter0 Output Compare Flag B",
                    "mask": "0x04",
                    "name": "OCF0B"
                },
                {
                    "caption": "Timer/Counter0 Output Compare Flag A",
                    "mask": "0x02",
                    "name": "OCF0A"
                },
                {
                    "caption": "Timer/Counter0 Overflow Flag",
                    "mask": "0x01",
                    "name": "TOV0"
                }
            ]
        },
        {
            "caption": "Timer/Counter Interrupt Mask Register",
            "name": "TIMSK0",
            "offset": "0x59",
            "size": "1",
            "bitfields": [
                {
                    "caption": "Timer/Counter0 Output Compare Match B Interrupt Enable",
                    "mask": "0x04",
                    "name": "OCIE0B"
                },
                {
                    "caption": "Timer/Counter0 Output Compare Match A Interrupt Enable",
                    "mask": "0x02",
                    "name": "OCIE0A"
                },
                {
                    "caption": "Timer/Counter0 Overflow Interrupt Enable",
                    "mask": "0x01",
                    "name": "TOIE0"
                }
            ]
        },
        {
            "caption": "General Interrupt Flag register",
            "name": "GIFR",
            "offset": "0x5A",
            "size": "1",
            "ocd-rw": "R",
            "bitfields": [
                {
                    "caption": "External Interrupt Flag 0",
                    "mask": "0x40",
                    "name": "INTF0"
                },
                {
                    "caption": "Pin Change Interrupt Flags",
                    "mask": "0x30",
                    "name": "PCIF"
                }
            ]
        },
        {
            "caption": "General Interrupt Mask Register",
            "name": "GIMSK",
            "offset": "0x5B",
            "size": "1",
            "bitfields": [
                {
                    "caption": "External Interrupt Request 0 Enable",
                    "mask": "0x40",
                    "name": "INT0"
                },
                {
                    "caption": "Pin Change Interrupt Enables",
                    "mask": "0x30",
                    "name": "PCIE"
                }
            ]
        },
        {
            "caption": "Timer/Counter0 Output Compare Register B",
            "name": "OCR0B",
            "offset": "0x5C",
            "size": "1",
            "mask": "0xFF",
            "bitfields": []
        },
        {
            "caption": "Stack Pointer ",
            "name": "SPL",
            "offset": "0x5D",
            "size": "2",
            "mask": "0xFF",
            "bitfields": []
        },
        {
            "caption": "Stack Pointer ",
            "name": "SPH",
            "offset": "0x5E",
            "size": "2",
            "mask": "0x03",
            "bitfields": []
        },
        {
            "caption": "Status Register",
            "name": "SREG",
            "offset": "0x5F",
            "size": "1",
            "bitfields": [
                {
                    "caption": "Global Interrupt Enable",
                    "mask": "0x80",
                    "name": "I"
                },
                {
                    "caption": "Bit Copy Storage",
                    "mask": "0x40",
                    "name": "T"
                },
                {
                    "caption": "Half Carry Flag",
                    "mask": "0x20",
                    "name": "H"
                },
                {
                    "caption": "Sign Bit",
                    "mask": "0x10",
                    "name": "S"
                },
                {
                    "caption": "Two's Complement Overflow Flag",
                    "mask": "0x08",
                    "name": "V"
                },
                {
                    "caption": "Negative Flag",
                    "mask": "0x04",
                    "name": "N"
                },
                {
                    "caption": "Zero Flag",
                    "mask": "0x02",
                    "name": "Z"
                },
                {
                    "caption": "Carry Flag",
                    "mask": "0x01",
                    "name": "C"
                }
            ]
        }
    ],
    "register_groups": [
        {
            "caption": "I/O Port",
            "name": "PORTA",
            "registers": [
                57,
                58,
                59
            ]
        },
        {
            "caption": "I/O Port",
            "name": "PORTB",
            "registers": [
                56,
                54,
                55
            ]
        },
        {
            "caption": "Analog Comparator",
            "name": "AC",
            "registers": [
                40,
                33,
                35
            ]
        },
        {
            "caption": "Analog-to-Digital Converter",
            "name": "ADC",
            "registers": [
                33,
                35,
                36,
                37,
                38,
                39
            ]
        },
        {
            "caption": "Universal Serial Interface",
            "name": "USI",
            "registers": [
                48,
                45,
                46,
                47
            ]
        },
        {
            "caption": "External Interrupts",
            "name": "EXINT",
            "registers": [
                64,
                50,
                85,
                90,
                91
            ]
        },
        {
            "caption": "EEPROM",
            "name": "EEPROM",
            "registers": [
                60,
                61,
                62,
                63
            ]
        },
        {
            "caption": "Watchdog Timer",
            "name": "WDT",
            "registers": [
                65
            ]
        },
        {
            "caption": "Timer/Counter, 8-bit",
            "name": "TC0",
            "registers": [
                67,
                80,
                82,
                83,
                86,
                88,
                89,
                92
            ]
        },
        {
            "caption": "Timer/Counter, 16-bit",
            "name": "TC1",
            "registers": [
                66,
                68,
                69,
                72,
                73,
                74,
                43,
                44,
                76,
                78,
                79,
                77,
                75
            ]
        },
        {
            "caption": "Bootloader",
            "name": "BOOT_LOAD",
            "registers": [
                87
            ]
        },
        {
            "caption": "CPU Registers",
            "name": "CPU",
            "registers": [
                32,
                70,
                81,
                51,
                84,
                85,
                53,
                52,
                93,
                94,
                95
            ]
        }
    ]
}
