{
    "flash_start": "0x0000",
    "flash_size": "0x0800",
    "regs_start": "0x0000",
    "regs_size": "0x0020",
    "io_start": "0x0020",
    "io_size": "0x0040",
    "ram_start": "0x0060",
    "ram_size": "0x0080",
    "eeprom_start": "0x0000",
    "eeprom_size": "0x0080",
    "registers": [
        {
            "caption": "Digital Input Disable Register 1",
            "name": "DIDR",
            "offset": "0x21",
            "size": "1",
            "mask": "0x03",
            "bitfields": []
        },{
            "caption": "USART Baud Rate Register High Byte",
            "name": "UBRRH",
            "offset": "0x22",
            "size": "1",
            "mask": "0x0F",
            "bitfields": []
        },{
            "caption": "USART Control and Status Register C",
            "name": "UCSRC",
            "offset": "0x23",
            "size": "1",
            "bitfields": [
                {
                    "caption": "USART Mode Select",
                    "mask": "0x40",
                    "name": "UMSEL",
                    "values": "COMM_USART_MODE"
                },{
                    "caption": "Parity Mode Bits",
                    "mask": "0x30",
                    "name": "UPM",
                    "values": "COMM_UPM_PARITY_MODE"
                },{
                    "caption": "Stop Bit Select",
                    "mask": "0x08",
                    "name": "USBS",
                    "values": "COMM_STOP_BIT_SEL"
                },{
                    "caption": "Character Size Bits",
                    "mask": "0x06",
                    "name": "UCSZ"
                },{
                    "caption": "Clock Polarity",
                    "mask": "0x01",
                    "name": "UCPOL"
                }
            ]
        },{
            "caption": "Analog Comparator Control And Status Register",
            "name": "ACSR",
            "offset": "0x28",
            "size": "1",
            "ocd-rw": "R",
            "bitfields": [
                {
                    "caption": "Analog Comparator Disable",
                    "mask": "0x80",
                    "name": "ACD"
                },{
                    "caption": "Analog Comparator Bandgap Select",
                    "mask": "0x40",
                    "name": "ACBG"
                },{
                    "caption": "Analog Compare Output",
                    "mask": "0x20",
                    "name": "ACO"
                },{
                    "caption": "Analog Comparator Interrupt Flag",
                    "mask": "0x10",
                    "name": "ACI"
                },{
                    "caption": "Analog Comparator Interrupt Enable",
                    "mask": "0x08",
                    "name": "ACIE"
                },{
                    "caption": "Analog Comparator Input Capture Enable",
                    "mask": "0x04",
                    "name": "ACIC"
                },{
                    "caption": "Analog Comparator Interrupt Mode Select bits",
                    "mask": "0x03",
                    "name": "ACIS",
                    "values": "ANALOG_COMP_INTERRUPT"
                }
            ]
        },{
            "caption": "USART Baud Rate Register Low Byte",
            "name": "UBRRL",
            "offset": "0x29",
            "size": "1",
            "mask": "0xFF",
            "bitfields": []
        },{
            "caption": "USART Control and Status Register B",
            "name": "UCSRB",
            "offset": "0x02A",
            "size": "1",
            "bitfields": [
                {
                    "caption": "RX Complete Interrupt Enable",
                    "mask": "0x80",
                    "name": "RXCIE"
                },{
                    "caption": "TX Complete Interrupt Enable",
                    "mask": "0x40",
                    "name": "TXCIE"
                },{
                    "caption": "USART Data register Empty Interrupt Enable",
                    "mask": "0x20",
                    "name": "UDRIE"
                },{
                    "caption": "Receiver Enable",
                    "mask": "0x10",
                    "name": "RXEN"
                },{
                    "caption": "Transmitter Enable",
                    "mask": "0x08",
                    "name": "TXEN"
                },{
                    "caption": "Character Size",
                    "mask": "0x04",
                    "name": "UCSZ2"
                },{
                    "caption": "Receive Data Bit 8",
                    "mask": "0x02",
                    "name": "RXB8"
                },{
                    "caption": "Transmit Data Bit 8",
                    "mask": "0x01",
                    "name": "TXB8"
                }
            ]
        },{
            "caption": "USART Control and Status Register A",
            "name": "UCSRA",
            "offset": "0x02B",
            "size": "1",
            "ocd-rw": "R",
            "bitfields": [
                {
                    "caption": "USART Receive Complete",
                    "mask": "0x80",
                    "name": "RXC"
                },{
                    "caption": "USART Transmitt Complete",
                    "mask": "0x40",
                    "name": "TXC"
                },{
                    "caption": "USART Data Register Empty",
                    "mask": "0x20",
                    "name": "UDRE"
                },{
                    "caption": "Framing Error",
                    "mask": "0x10",
                    "name": "FE"
                },{
                    "caption": "Data overRun",
                    "mask": "0x08",
                    "name": "DOR"
                },{
                    "caption": "USART Parity Error",
                    "mask": "0x04",
                    "name": "UPE"
                },{
                    "caption": "Double the USART Transmission Speed",
                    "mask": "0x02",
                    "name": "U2X"
                },{
                    "caption": "Multi-processor Communication Mode",
                    "mask": "0x01",
                    "name": "MPCM"
                }
            ]
        },{
            "caption": "USART I/O Data Register",
            "name": "UDR",
            "offset": "0x2C",
            "size": "1",
            "mask": "0xFF",
            "ocd-rw": "",
            "bitfields": []
        },{
            "caption": "USI Control Register",
            "name": "USICR",
            "offset": "0x2D",
            "size": "1",
            "bitfields": [
                {
                    "caption": "Start Condition Interrupt Enable",
                    "mask": "0x80",
                    "name": "USISIE"
                },{
                    "caption": "Counter Overflow Interrupt Enable",
                    "mask": "0x40",
                    "name": "USIOIE"
                },{
                    "caption": "USI Wire Mode Bits",
                    "mask": "0x30",
                    "name": "USIWM",
                    "values": "COMM_USI_OP"
                },{
                    "caption": "USI Clock Source Select Bits",
                    "mask": "0x0C",
                    "name": "USICS"
                },{
                    "caption": "Clock Strobe",
                    "mask": "0x02",
                    "name": "USICLK"
                },{
                    "caption": "Toggle Clock Port Pin",
                    "mask": "0x01",
                    "name": "USITC"
                }
            ]
        },{
            "caption": "USI Status Register",
            "name": "USISR",
            "offset": "0x2E",
            "size": "1",
            "ocd-rw": "R",
            "bitfields": [
                {
                    "caption": "Start Condition Interrupt Flag",
                    "mask": "0x80",
                    "name": "USISIF"
                },{
                    "caption": "Counter Overflow Interrupt Flag",
                    "mask": "0x40",
                    "name": "USIOIF"
                },{
                    "caption": "Stop Condition Flag",
                    "mask": "0x20",
                    "name": "USIPF"
                },{
                    "caption": "Data Output Collision",
                    "mask": "0x10",
                    "name": "USIDC"
                },{
                    "caption": "USI Counter Value Bits",
                    "mask": "0x0F",
                    "name": "USICNT"
                }
            ]
        },{
            "caption": "USI Data Register",
            "name": "USIDR",
            "offset": "0x2F",
            "size": "1",
            "mask": "0xFF",
            "bitfields": []
        },{
            "caption": "Input Pins, Port D",
            "name": "PIND",
            "offset": "0x30",
            "size": "1",
            "mask": "0x7F",
            "ocd-rw": "R",
            "bitfields": []
        },{
            "caption": "Data Direction Register, Port D",
            "name": "DDRD",
            "offset": "0x31",
            "size": "1",
            "mask": "0x7F",
            "bitfields": []
        },{
            "caption": "Data Register, Port D",
            "name": "PORTD",
            "offset": "0x32",
            "size": "1",
            "mask": "0x7F",
            "bitfields": []
        },{
            "caption": "General Purpose I/O Register 0",
            "name": "GPIOR0",
            "offset": "0x33",
            "size": "1",
            "mask": "0xFF",
            "bitfields": []
        },{
            "caption": "General Purpose I/O Register 1",
            "name": "GPIOR1",
            "offset": "0x34",
            "size": "1",
            "mask": "0xFF",
            "bitfields": []
        },{
            "caption": "General Purpose I/O Register 2",
            "name": "GPIOR2",
            "offset": "0x35",
            "size": "1",
            "mask": "0xFF",
            "bitfields": []
        },{
            "caption": "Port B Input Pins",
            "name": "PINB",
            "offset": "0x36",
            "size": "1",
            "mask": "0xFF",
            "ocd-rw": "R",
            "bitfields": []
        },{
            "caption": "Port B Data Direction Register",
            "name": "DDRB",
            "offset": "0x37",
            "size": "1",
            "mask": "0xFF",
            "bitfields": []
        },{
            "caption": "Port B Data Register",
            "name": "PORTB",
            "offset": "0x38",
            "size": "1",
            "mask": "0xFF",
            "bitfields": []
        },{
            "caption": "Port A Input Pins",
            "name": "PINA",
            "offset": "0x39",
            "size": "1",
            "mask": "0x07",
            "ocd-rw": "R",
            "bitfields": []
        },{
            "caption": "Port A Data Direction Register",
            "name": "DDRA",
            "offset": "0x3A",
            "size": "1",
            "mask": "0x07",
            "bitfields": []
        },{
            "caption": "Port A Data Register",
            "name": "PORTA",
            "offset": "0x3B",
            "size": "1",
            "mask": "0x07",
            "bitfields": []
        },{
            "caption": "EEPROM Control Register",
            "name": "EECR",
            "offset": "0x3C",
            "size": "1",
            "bitfields": [
                {
                    "caption": "EEPROM Programming Mode Bits",
                    "mask": "0x30",
                    "name": "EEPM",
                },{
                    "caption": "EEPROM Ready Interrupt Enable",
                    "mask": "0x08",
                    "name": "EERIE"
                },{
                    "caption": "EEPROM Master Write Enable",
                    "mask": "0x04",
                    "name": "EEMPE"
                },{
                    "caption": "EEPROM Write Enable",
                    "mask": "0x02",
                    "name": "EEPE"
                },{
                    "caption": "EEPROM Read Enable",
                    "mask": "0x01",
                    "name": "EERE"
                }
            ]
        },{
            "caption": "EEPROM Data Register",
            "name": "EEDR",
            "offset": "0x3D",
            "size": "1",
            "mask": "0xFF",
            "bitfields": []
        },{
            "caption": "EEPROM Read/Write Access",
            "name": "EEAR",
            "offset": "0x3E",
            "size": "1",
            "mask": "0x7F",
            "bitfields": []
        },{
            "caption": "Pin-Change Mask register",
            "name": "PCMSK",
            "offset": "0x40",
            "size": "1",
            "mask": "0xFF",
            "bitfields": []
        },{
            "caption": "Watchdog Timer Control Register",
            "name": "WDTCR",
            "offset": "0x41",
            "size": "1",
            "ocd-rw": "R",
            "bitfields": [
                {
                    "caption": "Watchdog Timeout Interrupt Flag",
                    "mask": "0x80",
                    "name": "WDIF"
                },{
                    "caption": "Watchdog Timeout Interrupt Enable",
                    "mask": "0x40",
                    "name": "WDIE"
                },{
                    "caption": "Watchdog Timer Prescaler Bits",
                    "mask": "0x27",
                    "name": "WDP",
                    "values": "WDOG_TIMER_PRESCALE_4BITS"
                },{
                    "caption": "Watchdog Change Enable",
                    "mask": "0x10",
                    "name": "WDCE"
                },{
                    "caption": "Watch Dog Enable",
                    "mask": "0x08",
                    "name": "WDE"
                }
            ]
        },{
            "caption": "Timer/Counter1 Control Register C",
            "name": "TCCR1C",
            "offset": "0x42",
            "size": "1",
            "ocd-rw": "R",
            "bitfields": [
                {
                    "caption": "Force Output Compare for Channel A",
                    "mask": "0x80",
                    "name": "FOC1A"
                },{
                    "caption": "Force Output Compare for Channel B",
                    "mask": "0x40",
                    "name": "FOC1B"
                }
            ]
        },{
            "caption": "General Timer Counter Control Register",
            "name": "GTCCR",
            "offset": "0x43",
            "size": "1",
            "bitfields": [
                {
                    "caption": "Prescaler Reset Timer/Counter1 and Timer/Counter0",
                    "mask": "0x01",
                    "name": "PSR10"
                }
            ]
        },{
            "caption": "Timer/Counter1 Input Capture Register  Bytes",
            "name": "ICR1L",
            "offset": "0x44",
            "size": "2",
            "mask": "0xFF",
            "bitfields": []
        },{
            "caption": "Timer/Counter1 Input Capture Register  Bytes",
            "name": "ICR1H",
            "offset": "0x45",
            "size": "2",
            "mask": "0xFF",
            "bitfields": []
        },{
            "caption": "Clock Prescale Register",
            "name": "CLKPR",
            "offset": "0x46",
            "size": "1",
            "ocd-rw": "",
            "bitfields": [
                {
                    "caption": "Clock Prescaler Change Enable",
                    "mask": "0x80",
                    "name": "CLKPCE"
                },{
                    "caption": "Clock Prescaler Select Bits",
                    "mask": "0x0F",
                    "name": "CLKPS",
                    "values": "CPU_CLK_PRESCALE_4_BITS_SMALL"
                }
            ]
        },{
            "caption": "Timer/Counter1 Output Compare Register  Bytes",
            "name": "OCR1BL",
            "offset": "0x48",
            "size": "2",
            "mask": "0xFF",
            "bitfields": []
        },{
            "caption": "Timer/Counter1 Output Compare Register  Bytes",
            "name": "OCR1BH",
            "offset": "0x49",
            "size": "2",
            "mask": "0xFF",
            "bitfields": []
        },{
            "caption": "Timer/Counter1 Output Compare Register  Bytes",
            "name": "OCR1AL",
            "offset": "0x4A",
            "size": "2",
            "mask": "0xFF",
            "bitfields": []
        },{
            "caption": "Timer/Counter1 Output Compare Register  Bytes",
            "name": "OCR1AH",
            "offset": "0x4B",
            "size": "2",
            "mask": "0xFF",
            "bitfields": []
        },{
            "caption": "Timer/Counter1  Bytes",
            "name": "TCNT1L",
            "offset": "0x4C",
            "size": "2",
            "mask": "0xFF",
            "bitfields": []
        },{
            "caption": "Timer/Counter1  Bytes",
            "name": "TCNT1H",
            "offset": "0x4D",
            "size": "2",
            "mask": "0xFF",
            "bitfields": []
        },{
            "caption": "Timer/Counter1 Control Register B",
            "name": "TCCR1B",
            "offset": "0x4E",
            "size": "1",
            "bitfields": [
                {
                    "caption": "Input Capture 1 Noise Canceler",
                    "mask": "0x80",
                    "name": "ICNC1"
                },{
                    "caption": "Input Capture 1 Edge Select",
                    "mask": "0x40",
                    "name": "ICES1"
                },{
                    "caption": "Waveform Generation Mode Bits",
                    "mask": "0x18",
                    "name": "WGM1",
                    "lsb": "2"
                },{
                    "caption": "Clock Select1 bits",
                    "mask": "0x07",
                    "name": "CS1",
                    "values": "CLK_SEL_3BIT_EXT"
                }
            ]
        },{
            "caption": "Timer/Counter1 Control Register A",
            "name": "TCCR1A",
            "offset": "0x4F",
            "size": "1",
            "bitfields": [
                {
                    "caption": "Compare Output Mode 1A, bits",
                    "mask": "0xC0",
                    "name": "COM1A"
                },{
                    "caption": "Compare Output Mode 1B, bits",
                    "mask": "0x30",
                    "name": "COM1B"
                },{
                    "caption": "Pulse Width Modulator Select Bits",
                    "mask": "0x03",
                    "name": "WGM1"
                }
            ]
        },{
            "caption": "Timer/Counter  Control Register A",
            "name": "TCCR0A",
            "offset": "0x50",
            "size": "1",
            "bitfields": [
                {
                    "caption": "Compare Match Output A Mode",
                    "mask": "0xC0",
                    "name": "COM0A"
                },{
                    "caption": "Compare Match Output B Mode",
                    "mask": "0x30",
                    "name": "COM0B"
                },{
                    "caption": "Waveform Generation Mode",
                    "mask": "0x03",
                    "name": "WGM0"
                }
            ]
        },{
            "caption": "Oscillator Calibration Register",
            "name": "OSCCAL",
            "offset": "0x51",
            "size": "1",
            "mask": "0x7F",
            "ocd-rw": "R",
            "bitfields": [
                {
                    "caption": "Oscillator Calibration ",
                    "mask": "0x7F",
                    "name": "OSCCAL"
                }
            ]
        },{
            "caption": "Timer/Counter0",
            "name": "TCNT0",
            "offset": "0x52",
            "size": "1",
            "mask": "0xFF",
            "bitfields": []
        },{
            "caption": "Timer/Counter Control Register B",
            "name": "TCCR0B",
            "offset": "0x53",
            "size": "1",
            "bitfields": [
                {
                    "caption": "Force Output Compare B",
                    "mask": "0x80",
                    "name": "FOC0A"
                },{
                    "caption": "Force Output Compare B",
                    "mask": "0x40",
                    "name": "FOC0B"
                },{
                    "caption": "Waveform Generation Mode",
                    "mask": "0x08",
                    "name": "WGM02"
                },{
                    "caption": "Clock Select",
                    "mask": "0x07",
                    "name": "CS0",
                    "values": "CLK_SEL_3BIT_EXT"
                }
            ]
        },{
            "caption": "MCU Status register",
            "name": "MCUSR",
            "offset": "0x54",
            "size": "1",
            "bitfields": [
                {
                    "caption": "Watchdog Reset Flag",
                    "mask": "0x08",
                    "name": "WDRF"
                },{
                    "caption": "Brown-out Reset Flag",
                    "mask": "0x04",
                    "name": "BORF"
                },{
                    "caption": "External Reset Flag",
                    "mask": "0x02",
                    "name": "EXTRF"
                },{
                    "caption": "Power-On Reset Flag",
                    "mask": "0x01",
                    "name": "PORF"
                }
            ]
        },{
            "caption": "MCU Control Register",
            "name": "MCUCR",
            "offset": "0x55",
            "size": "1",
            "bitfields": [
                {
                    "caption": "Pull-up Disable",
                    "mask": "0x80",
                    "name": "PUD"
                },{
                    "caption": "Sleep Mode Select Bits",
                    "mask": "0x50",
                    "name": "SM",
                    "values": "CPU_SLEEP_MODE_2BITS"
                },{
                    "caption": "Sleep Enable",
                    "mask": "0x20",
                    "name": "SE"
                },{
                    "caption": "Interrupt Sense Control 1 bits",
                    "mask": "0x0C",
                    "name": "ISC1",
                    "values": "INTERRUPT_SENSE_CONTROL2"
                },{
                    "caption": "Interrupt Sense Control 0 bits",
                    "mask": "0x03",
                    "name": "ISC0",
                    "values": "INTERRUPT_SENSE_CONTROL2"
                }
            ]
        },{
            "caption": "Timer/Counter0 Output Compare Register",
            "name": "OCR0A",
            "offset": "0x56",
            "size": "1",
            "mask": "0xFF",
            "bitfields": []
        },{
            "caption": "Store Program Memory Control and Status register",
            "name": "SPMCSR",
            "offset": "0x57",
            "size": "1",
            "ocd-rw": "",
            "bitfields": [
                {
                    "caption": "Clear Temporary Page Buffer",
                    "mask": "0x10",
                    "name": "CTPB"
                },{
                    "caption": "Read Fuse and Lock Bits",
                    "mask": "0x08",
                    "name": "RFLB"
                },{
                    "caption": "Page Write",
                    "mask": "0x04",
                    "name": "PGWRT"
                },{
                    "caption": "Page Erase",
                    "mask": "0x02",
                    "name": "PGERS"
                },{
                    "caption": "Store Program Memory Enable",
                    "mask": "0x01",
                    "name": "SPMEN"
                }
            ]
        },{
            "caption": "Timer/Counter Interrupt Flag register",
            "name": "TIFR",
            "offset": "0x58",
            "size": "1",
            "ocd-rw": "R",
            "bitfields": [
                {
                    "caption": "Timer/Counter0 Output Compare Flag 0B",
                    "mask": "0x04",
                    "name": "OCF0B"
                },{
                    "caption": "Timer/Counter0 Overflow Flag",
                    "mask": "0x02",
                    "name": "TOV0"
                },{
                    "caption": "Timer/Counter0 Output Compare Flag 0A",
                    "mask": "0x01",
                    "name": "OCF0A"
                }
            ]
        },{
            "caption": "Timer/Counter Interrupt Flag register",
            "name": "TIFR",
            "offset": "0x58",
            "size": "1",
            "ocd-rw": "R",
            "bitfields": [
                {
                    "caption": "Timer/Counter1 Overflow Flag",
                    "mask": "0x80",
                    "name": "TOV1"
                },{
                    "caption": "Output Compare Flag 1A",
                    "mask": "0x40",
                    "name": "OCF1A"
                },{
                    "caption": "Output Compare Flag 1B",
                    "mask": "0x20",
                    "name": "OCF1B"
                },{
                    "caption": "Input Capture Flag 1",
                    "mask": "0x08",
                    "name": "ICF1"
                }
            ]
        },{
            "caption": "Timer/Counter Interrupt Mask Register",
            "name": "TIMSK",
            "offset": "0x59",
            "size": "1",
            "bitfields": [
                {
                    "caption": "Timer/Counter0 Output Compare Match B Interrupt Enable",
                    "mask": "0x04",
                    "name": "OCIE0B"
                },{
                    "caption": "Timer/Counter0 Overflow Interrupt Enable",
                    "mask": "0x02",
                    "name": "TOIE0"
                },{
                    "caption": "Timer/Counter0 Output Compare Match A Interrupt Enable",
                    "mask": "0x01",
                    "name": "OCIE0A"
                }
            ]
        },{
            "caption": "Timer/Counter Interrupt Mask Register",
            "name": "TIMSK",
            "offset": "0x59",
            "size": "1",
            "bitfields": [
                {
                    "caption": "Timer/Counter1 Overflow Interrupt Enable",
                    "mask": "0x80",
                    "name": "TOIE1"
                },{
                    "caption": "Timer/Counter1 Output CompareA Match Interrupt Enable",
                    "mask": "0x40",
                    "name": "OCIE1A"
                },{
                    "caption": "Timer/Counter1 Output CompareB Match Interrupt Enable",
                    "mask": "0x20",
                    "name": "OCIE1B"
                },{
                    "caption": "Timer/Counter1 Input Capture Interrupt Enable",
                    "mask": "0x08",
                    "name": "ICIE1"
                }
            ]
        },{
            "caption": "Extended Interrupt Flag Register",
            "name": "EIFR",
            "offset": "0x5A",
            "size": "1",
            "ocd-rw": "R",
            "bitfields": [
                {
                    "caption": "External Interrupt Flags",
                    "mask": "0xC0",
                    "name": "INTF"
                },{
                    "caption": "Pin Change Interrupt Flag",
                    "mask": "0x20",
                    "name": "PCIF"
                }
            ]
        },{
            "caption": "General Interrupt Mask Register",
            "name": "GIMSK",
            "offset": "0x5B",
            "size": "1",
            "bitfields": [
                {
                    "caption": "External Interrupt Request 1 Enable",
                    "mask": "0xC0",
                    "name": "INT"
                },{
                    "caption": "Pin Change Interrupt Enable",
                    "mask": "0x20",
                    "name": "PCIE"
                }
            ]
        },{
            "caption": "Timer/Counter0 Output Compare Register",
            "name": "OCR0B",
            "offset": "0x5C",
            "size": "1",
            "mask": "0xFF",
            "bitfields": []
        },{
            "caption": "Stack Pointer Low Byte",
            "name": "SPL",
            "offset": "0x5D",
            "size": "1",
            "mask": "0xFF",
            "bitfields": []
        },{
            "caption": "Status Register",
            "name": "SREG",
            "offset": "0x5F",
            "size": "1",
            "bitfields": [
                {
                    "caption": "Global Interrupt Enable",
                    "mask": "0x80",
                    "name": "I"
                },{
                    "caption": "Bit Copy Storage",
                    "mask": "0x40",
                    "name": "T"
                },{
                    "caption": "Half Carry Flag",
                    "mask": "0x20",
                    "name": "H"
                },{
                    "caption": "Sign Bit",
                    "mask": "0x10",
                    "name": "S"
                },{
                    "caption": "Two's Complement Overflow Flag",
                    "mask": "0x08",
                    "name": "V"
                },{
                    "caption": "Negative Flag",
                    "mask": "0x04",
                    "name": "N"
                },{
                    "caption": "Zero Flag",
                    "mask": "0x02",
                    "name": "Z"
                },{
                    "caption": "Carry Flag",
                    "mask": "0x01",
                    "name": "C"
                }
            ]
        }
    ],
    "register_groups": [ {
            "caption": "I/O Port",
            "name": "PORTB",
            "registers": [ 56, 54, 55 ]
        },{
            "caption": "I/O Port",
            "name": "PORTD",
            "registers": [ 48, 49, 50 ]
        },{
            "caption": "I/O Port",
            "name": "PORTA",
            "registers": [
                57,
                58,
                59
            ]
        },{
            "caption": "Timer/Counter, 8-bit",
            "name": "TC0",
            "registers": [
                80,
                82,
                83,
                86,
                88,
                89,
                92
            ]
        },{
            "caption": "Timer/Counter, 16-bit",
            "name": "TC1",
            "registers": [
                66,
                68,
                69,
                72,
                73,
                74,
                75,
                76,
                77,
                78,
                79,
                88,
                89
            ]
        },{
            "caption": "Watchdog Timer",
            "name": "WDT",
            "registers": [
                65
            ]
        },{
            "caption": "External Interrupts",
            "name": "EXINT",
            "registers": [
                90,
                91
            ]
        },{
            "caption": "USART",
            "name": "USART",
            "registers": [
                34,
                35,
                41,
                42,
                43,
                44
            ]
        },{
            "caption": "Analog Comparator",
            "name": "AC",
            "registers": [
                40,
                33
            ]
        },{
            "caption": "EEPROM",
            "name": "EEPROM",
            "registers": [
                60,
                61,
                62
            ]
        },{
            "caption": "CPU Registers",
            "name": "CPU",
            "registers": [
                64,
                67,
                70,
                81,
                51,
                84,
                85,
                53,
                87,
                52,
                93,
                95
            ]
        },{
            "caption": "Universal Serial Interface",
            "name": "USI",
            "registers": [
                45,
                46,
                47
            ]
        }
    ]
}
